Model,RMSE,MAE
User + Game Bias,1.1959552671076328,0.9040525594732272
Game Average,1.2922686012513824,0.9791623152252451
User Average,1.353459805559347,1.0202710230481566
Global Average,1.4976623551086174,1.1138255411987288
