Model,RMSE,MAE,Size (MB),Inference Time (s)
FP32 (Original),1.1060643293528678,0.8246690630912781,25.97075366973877,42.60160517692566
INT8 (Dynamic),1.1063551836602041,0.8250669836997986,25.89702320098877,34.95660066604614
2-bit (Simulated),1.3011765437871246,0.9988715052604675,1.7190437316894531,44.359522342681885
