user_segment,user_count,avg_ratings,avg_score
Power User,48395,248.17514206013018,7.051559982339295
Active User,45242,70.1075328234826,7.333490133587956
Regular User,130967,24.362976933120557,7.621304219568993
Casual User,186770,3.0474112544841248,8.554857785348524
